{"version": "1.0", "type": "classification", "labels": ["not_hotdog", "hotdog"], "annotations": {"df0b7bc1-17c8-4946-b8d0-f730b3b8c99f.jpg": [{"label": "not_hotdog", "id": "1c606063-a7a7-4a8e-91ed-20915b6166bc"}], "a8c1be2b-bece-45fa-aefe-7f4eac150df8.jpg": [{"label": "not_hotdog", "id": "c87ff78b-8cc0-459a-bcdf-aa7965b4b091"}], "653bab5a-5081-494a-8b2c-9afa3e776395.jpg": [{"label": "not_hotdog", "id": "3722511c-7311-4a1d-b1af-045bb8f27719"}], "d57b5360-53d1-4bd0-810a-d7991febe3d3.jpg": [{"label": "not_hotdog", "id": "afd6df82-0028-495d-b8cb-51e596dd3d99"}], "8385ac54-1a5c-449c-a702-43ee16d5d45a.jpg": [{"label": "not_hotdog", "id": "d67fdbbf-d74a-4533-8275-9ec255054796"}], "a2ed806f-b152-4f62-b8b4-702041c570e7.jpg": [{"label": "not_hotdog", "id": "c4b630b3-8da1-4df0-97c8-baccf3135631"}], "7488b6d2-da0f-4734-9cf2-050536dc0c20.jpg": [{"label": "not_hotdog", "id": "af9344c8-e836-4133-a544-25fcc2327f3b"}], "17ea4b50-36bd-49a9-b915-e7da6b41e57e.jpg": [{"label": "not_hotdog", "id": "076145cf-0bc5-4635-b68c-edd2b7f9ab7a"}], "8270f4ea-f727-48aa-9e71-4d97b42b9434.jpg": [{"label": "not_hotdog", "id": "7bc4b64b-e5b3-4f5b-8fcd-80003c41b369"}], "33eb3c72-53d3-4caa-82ef-6d5be750f15b.jpg": [{"label": "not_hotdog", "id": "09785af2-a307-4f19-a4d5-252c75ab07f8"}], "e979b466-af7a-4061-a33e-6c4d39773175.jpg": [{"label": "not_hotdog", "id": "b9d2daad-584f-4607-8d65-1b2ba45eba6c"}], "498ae093-e521-4764-84df-3e41f5b5472e.jpg": [{"label": "not_hotdog", "id": "7992528a-61ff-4d2d-bafb-84b595f249cb"}], "b13d76da-f20c-492d-9da3-eec7fd8ed4eb.jpg": [{"label": "not_hotdog", "id": "56a73c18-8e75-4cd0-ac6e-df77b5e4ca3f"}], "118c357d-03ae-42ca-b53e-3edbe4107eeb.jpg": [{"label": "not_hotdog", "id": "a7cfff75-c3b3-42ec-92f9-f96b8c07cd47"}], "9f80de0e-45d2-4fb4-890b-2e5fe9f59c6c.jpg": [{"label": "not_hotdog", "id": "70f6b8f8-d673-418e-8a4e-8e42137c52bd"}], "fe911abc-115f-4b2f-9d46-8fbe04b657d3.jpg": [{"label": "not_hotdog", "id": "ca4b190a-22a6-47d2-b37c-9c29d19c49af"}], "f688f874-fe42-4bbe-88ef-6d619f1e5ae4.jpg": [{"label": "not_hotdog", "id": "89f89f16-508c-4ea7-a7b2-e4eeef029b32"}], "56099567-5c5f-4b1e-bdf7-ce5703e772cd.jpg": [{"label": "not_hotdog", "id": "6d136e2b-b1f9-4960-b490-fb2ac8e351f8"}], "3a1bb8d3-101b-4a36-86a5-a29e56579e37.jpg": [{"label": "not_hotdog", "id": "f5f58506-5179-42d1-a184-1ce30e047c4f"}], "41e71732-15fe-4399-9ff8-25eb1736ae80.jpg": [{"label": "not_hotdog", "id": "73808cdf-39de-4f29-bf3f-a41b8d4fe5d5"}], "f79d14a1-6c79-49d9-a47e-d2726621c971.jpg": [{"label": "not_hotdog", "id": "25641f30-3fb9-48b8-aff0-fd00d7630a0f"}], "851eac61-3d79-4c64-8626-575e0210ffed.jpg": [{"label": "not_hotdog", "id": "a3165fd7-27e6-4502-a77e-2e9d1baf6e98"}], "12ecea8f-30ed-448e-bf2a-173e0b3e187e.jpg": [{"label": "not_hotdog", "id": "03b52415-d899-4415-b0c0-7d154c5f453e"}], "1292a008-34c6-494a-9b40-1f194a4e6ed9.jpg": [{"label": "not_hotdog", "id": "4cce6bf0-1d15-471d-a17c-0aa871d8c083"}], "67e97549-4c5e-4e40-a81a-4a2c137c3905.jpg": [{"label": "not_hotdog", "id": "ec94092d-c834-4fde-ada1-d6c29bef24c6"}], "b0d7361c-bb49-4e11-9f5f-14de41a7f010.jpg": [{"label": "not_hotdog", "id": "041c593f-3bb1-47f5-bcf2-f6802527c20d"}], "9e4a158f-6acd-4e2f-b57f-75fd5d3b9a8b.jpg": [{"label": "not_hotdog", "id": "e84e599d-3878-4358-a862-6a4bcae816c9"}], "db603c2d-bac4-4560-893e-599493f42fde.jpg": [{"label": "not_hotdog", "id": "3e890ea0-e2f1-4658-b183-eae1d3e6983e"}], "0ba83e7b-607c-42c3-b3e6-59ec99079ee8.jpg": [{"label": "not_hotdog", "id": "7afd8dff-756b-4140-8e16-60094b89ca83"}], "b0add4b5-fa1d-42f7-8f8a-a0ab9ba5d89d.jpg": [{"label": "not_hotdog", "id": "9b683ab3-3ed5-4fb6-9039-f28ce858f5ed"}], "66972a48-7a23-4944-9a16-092eb1b95a2b.jpg": [{"label": "not_hotdog", "id": "3e48c6ab-1a6d-406f-b48a-11a3df6f49e1"}], "a913b8d4-3d36-4dc6-b98b-fea82537dbf1.jpg": [{"label": "not_hotdog", "id": "825ebe64-2bd4-451d-b528-b2c7b29a9ff0"}], "962802ae-a3a5-49cf-8b6e-c9775aa40131.jpg": [{"label": "not_hotdog", "id": "d3fcbb62-8c60-4d4d-95ea-a7c6e507be4e"}], "bb620178-584e-4791-b641-350e2d0511c5.jpg": [{"label": "not_hotdog", "id": "1014ccef-176b-45ec-9727-c4570b2764ff"}], "2af5fc87-970a-4da1-8cfe-0e7e0fef21b5.jpg": [{"label": "not_hotdog", "id": "e8947f1c-3d14-4a23-b89c-8de2d4d816f9"}], "7d629fa4-61a7-4329-b7df-75b76c8b43ff.jpg": [{"label": "not_hotdog", "id": "5da8e720-d5f1-4ed7-b880-26ba21d1b067"}], "188b5611-0c13-4b02-b641-cbd844a7a206.jpg": [{"label": "not_hotdog", "id": "9c182697-3f68-4ad9-8c28-1853c95fef3e"}], "0b26e013-76b9-41dc-ba3f-da344911ea39.jpg": [{"label": "not_hotdog", "id": "5b3c16fd-a884-429a-9c9a-73a5b821d89d"}], "58691e29-4708-4435-ac70-42a72afebb71.jpg": [{"label": "not_hotdog", "id": "391e799c-9adc-4e0f-ba04-30a7462be1ad"}], "5d1522eb-5d99-4242-9a3a-b199e29bb7f9.jpg": [{"label": "not_hotdog", "id": "33b9604f-ac26-4f64-a085-5890cbe5b49e"}], "0fe9e117-805c-450c-b923-1eef8785885b.jpg": [{"label": "not_hotdog", "id": "c96feb19-345e-41a2-b6bc-0638a8d9fb91"}], "ce4892e8-cacb-4030-8deb-d94d0e74a48e.jpg": [{"label": "not_hotdog", "id": "0a3b9ddc-cc4b-4a49-9737-afcd0a8549da"}], "629e8877-f5b6-460c-a4c0-6d8c3aa450d0.jpg": [{"label": "not_hotdog", "id": "c683f041-e584-4842-9441-f9d58a6a7765"}], "5d7cb6d4-6707-46c5-ab4f-acbad9f4cc1d.jpg": [{"label": "not_hotdog", "id": "5e77174e-0976-4a1a-89b6-d7aa0711af16"}], "00dae52f-00b5-4900-bbbc-1215f74dbef5.jpg": [{"label": "not_hotdog", "id": "81f997ea-8596-4ee9-9dd2-6315d9fa0f64"}], "13fab869-a3da-43fe-97cf-a4a0b5286e6e.jpg": [{"label": "not_hotdog", "id": "7aa3d02a-b9e8-47cb-b49a-2ee5b05ef4be"}], "3b7dd12a-411c-49f0-a218-934d8eeb85e9.jpg": [{"label": "not_hotdog", "id": "92d9b2f3-24ff-4aff-8bdc-9bae1c68c963"}], "be4e3ad6-4a81-4264-ace4-cab03039a00d.jpg": [{"label": "not_hotdog", "id": "43412364-b07d-4516-a6c0-45899a457784"}], "9aa1a2ba-4839-466f-be87-2a50be5fe036.jpg": [{"label": "not_hotdog", "id": "33e4faea-eaf3-4afe-8cf4-d6bcdbf287df"}], "52dacc99-8853-41c4-bcb3-5d4752180b17.jpg": [{"label": "not_hotdog", "id": "d05c897f-1b32-4e1b-bb4c-83b9d7006adb"}], "016c0d76-4fae-42bc-95c5-912806d262ce.jpg": [{"label": "hotdog"}], "05e20f75-3f79-4cf9-bb41-28b63b8d6591.jpg": [{"label": "hotdog"}], "078d6d98-11e1-47f9-8bd7-c58162783780.jpg": [{"label": "hotdog"}], "0df3d99c-0e2a-40db-b775-0f1145747a39.jpg": [{"label": "hotdog"}], "1948ce21-2408-4c51-aaaf-2ee35f2783b3.jpg": [{"label": "hotdog"}], "1b654d09-bc99-4a9f-90d1-53a1c702c190.jpg": [{"label": "hotdog"}], "1c7ecc4d-51f8-48d0-ab0f-71b843d96371.jpg": [{"label": "hotdog"}], "21f336b5-7a57-48c6-a2b5-cdf09f95bcdc.jpg": [{"label": "hotdog"}], "23ed695c-1305-4ae9-849a-069bdbc16c95.jpg": [{"label": "hotdog"}], "306646dc-ade6-46c2-bb17-42eec9c8f694.jpg": [{"label": "hotdog"}], "391f0637-237b-4187-a0fc-17f95cb50c06.jpg": [{"label": "hotdog"}], "47e8411b-cefc-4ca9-96df-face7acfd24c.jpg": [{"label": "hotdog"}], "49b2d690-e7e2-4a8d-8c3c-9841f1027eff.jpg": [{"label": "hotdog"}], "4aa9164a-4c88-4cc4-8160-83fcb1ac234a.jpg": [{"label": "hotdog"}], "4cde3a15-3f03-4957-a7a9-7cf3809f977a.jpg": [{"label": "hotdog"}], "4d1132ba-ca51-42ec-a97c-ae5da638d920.jpg": [{"label": "hotdog"}], "54a0109a-3739-4045-b63d-2901ddfb3f48.jpg": [{"label": "hotdog"}], "6e7785f6-2f11-460d-8219-2376dbfeab22.jpg": [{"label": "hotdog"}], "7003f242-497f-4211-99c1-a5097ab736fd.jpg": [{"label": "hotdog"}], "750260bc-ac3a-497c-b3e8-522dc0854e7e.jpg": [{"label": "hotdog"}], "7aec61bd-8ffb-4440-ac1b-ddf4faec0c74.jpg": [{"label": "hotdog"}], "7b22b149-f17b-41ad-914c-f42bce02b113.jpg": [{"label": "hotdog"}], "8258df4b-64a4-4749-8f7c-e6b40261f2c0.jpg": [{"label": "hotdog"}], "858816a0-4847-4a03-9f90-c6eee330f79c.jpg": [{"label": "hotdog"}], "8fa9a466-73a8-4c34-a2b4-623033683ecf.jpg": [{"label": "hotdog"}], "93dc103d-f65a-4b3f-8702-e67ed1ce15be.jpg": [{"label": "hotdog"}], "9bca8fcb-ba99-4b81-be78-aa41f399366e.jpg": [{"label": "hotdog"}], "9d66a6a6-5c98-42b8-8700-c6d024621abc.jpg": [{"label": "hotdog"}], "9efec7e7-465c-4258-999f-a3f41bb96051.jpg": [{"label": "hotdog"}], "a6dbac2f-cd92-492e-a3e4-7375947eb324.jpg": [{"label": "hotdog"}], "a712c01f-83d2-4af9-8c49-e960255bfdc2.jpg": [{"label": "hotdog"}], "b1266107-15ec-40ba-8086-f35d12d2a63b.jpg": [{"label": "hotdog"}], "b3a04a85-8311-4061-863b-c3f713a42da0.jpg": [{"label": "hotdog"}], "b3c239a5-3b2a-426d-8503-f375d1cdd3d2.jpg": [{"label": "hotdog"}], "b68d6ebd-8c41-42f0-961c-d22c2221d86d.jpg": [{"label": "hotdog"}], "b71d066a-eba6-4958-99ec-9361e17af518.jpg": [{"label": "hotdog"}], "b8ad68ab-f849-4e17-a9a9-29ee15e91c61.jpg": [{"label": "hotdog"}], "c23756f0-0677-493c-896d-caaea0d750ef.jpg": [{"label": "hotdog"}], "c4631e43-3d3f-4f42-a9bb-f899c645f2c5.jpg": [{"label": "hotdog"}], "ccb6763d-eeaa-4445-8c12-305e81976d22.jpg": [{"label": "hotdog"}], "cf5877cc-8755-460a-951f-7a58bb683147.jpg": [{"label": "hotdog"}], "d04f6a13-d684-4c01-af72-5cddd9558949.jpg": [{"label": "hotdog"}], "d402ac76-5eed-433d-bc20-83f25bef4d44.jpg": [{"label": "hotdog"}], "d4bf4336-699e-4302-abf9-4eaf7811c87c.jpg": [{"label": "hotdog"}], "d7088732-4fce-4962-8d3c-a1030392468f.jpg": [{"label": "hotdog"}], "e1c3451e-0a40-4285-b14f-b6053fcb240a.jpg": [{"label": "hotdog"}], "e74d20c3-667b-4e98-ae10-68c6df05f54d.jpg": [{"label": "hotdog"}], "f09c87d5-e2e6-4926-b659-184f37c53cb3.jpg": [{"label": "hotdog"}], "f5b62cef-19ef-49fa-8281-a3df6297ace1.jpg": [{"label": "hotdog"}], "ff26f8ca-a21b-42bc-83ed-bace02ce69cb.jpg": [{"label": "hotdog"}]}}